lead_hour,station,rmse,mae,r2,rmsle
1,Dingling,16.775360107421875,8.943822860717773,0.9415358217539823,0.32031136751174927
1,Changping,16.837289810180664,9.281902313232422,0.9462879946043653,0.3114384710788727
1,Huairou,15.870707511901855,7.66826057434082,0.9468498448787965,0.32349690794944763
1,Shunyi,16.71219825744629,9.14721965789795,0.9585652584286375,0.29258155822753906
1,Wanliu,16.105785369873047,8.778905868530273,0.9610622700797781,0.3222077190876007
1,Guanyuan,17.45672607421875,9.846034049987793,0.9580356039626774,0.29932209849357605
1,Aotizhongxin,16.57910919189453,9.262158393859863,0.9607142180921594,0.3041369915008545
1,Nongzhanguan,18.13597869873047,10.049494743347168,0.9580412692635266,0.3410053253173828
1,Gucheng,18.698749542236328,9.532249450683594,0.9564863011249936,0.28031009435653687
1,Wanshouxigong,20.462411880493164,10.206453323364258,0.9508911858246404,0.30704888701438904
1,Tiantan,16.522769927978516,9.57394790649414,0.961768917588751,0.3301730751991272
1,Dongsi,19.004594802856445,9.879730224609375,0.956486686871907,0.2989993393421173
2,Dingling,23.88170623779297,12.510823249816895,0.8815219707425278,0.42277419567108154
2,Changping,23.938060760498047,13.31768798828125,0.8914355015235135,0.4052813649177551
2,Huairou,21.8959903717041,11.830992698669434,0.8988234891693243,0.4898560345172882
2,Shunyi,25.466611862182617,14.447420120239258,0.9037789370856215,0.4509684145450592
2,Wanliu,24.055557250976562,13.853864669799805,0.9131336042771689,0.42758724093437195
2,Guanyuan,26.292837142944336,15.198610305786133,0.9047965644899311,0.41526979207992554
2,Aotizhongxin,25.276695251464844,14.664628028869629,0.9086813292691186,0.4324258863925934
2,Nongzhanguan,26.896038055419922,15.460939407348633,0.9077093709435554,0.5139960646629333
2,Gucheng,28.57245635986328,15.304208755493164,0.8983987710426297,0.4310648739337921
2,Wanshouxigong,29.479412078857422,16.02495765686035,0.8980703425709051,0.42657801508903503
2,Tiantan,25.362884521484375,14.921879768371582,0.9099115291550118,0.43414855003356934
2,Dongsi,28.78132438659668,16.261390686035156,0.900194392984988,0.461001992225647
3,Dingling,26.823949813842773,13.8091402053833,0.8505358566544519,0.44031211733818054
3,Changping,27.617219924926758,15.110188484191895,0.85550278540736,0.4229639768600464
3,Huairou,24.76923179626465,13.509222030639648,0.8705215088344924,0.43851348757743835
3,Shunyi,30.29859733581543,17.37711524963379,0.863799581298948,0.42467576265335083
3,Wanliu,29.18276023864746,16.52526092529297,0.8721598942767393,0.4411596357822418
3,Guanyuan,31.501054763793945,18.192218780517578,0.8633415939625692,0.42255380749702454
3,Aotizhongxin,30.2930908203125,17.42643928527832,0.868844247994466,0.4326916038990021
3,Nongzhanguan,32.46221160888672,18.53347396850586,0.8655492389451449,0.45601317286491394
3,Gucheng,33.7088508605957,17.90557861328125,0.8585880423809837,0.4249531030654907
3,Wanshouxigong,34.70026397705078,19.160484313964844,0.8587678687222245,0.4348011016845703
3,Tiantan,30.60869789123535,17.685117721557617,0.8687974013027144,0.44009512662887573
3,Dongsi,34.38905334472656,19.313282012939453,0.8575206155373946,0.4525088369846344
4,Dingling,29.36390495300293,15.306685447692871,0.8208916839631899,0.47583654522895813
4,Changping,30.294353485107422,16.6350040435791,0.8261321043850747,0.45996972918510437
4,Huairou,27.06093978881836,15.077072143554688,0.8454490958626366,0.4779030382633209
4,Shunyi,34.13167953491211,19.569339752197266,0.8271575468888337,0.4606954753398895
4,Wanliu,32.66328048706055,18.81006622314453,0.8398517039982909,0.4776145815849304
4,Guanyuan,35.03175735473633,20.44816017150879,0.8309919362026696,0.45973679423332214
4,Aotizhongxin,33.93364715576172,19.634992599487305,0.835427915623216,0.46888989210128784
4,Nongzhanguan,36.6322021484375,20.866565704345703,0.8287849303998558,0.5095682144165039
4,Gucheng,37.56874084472656,20.11539077758789,0.8243532923402626,0.46709850430488586
4,Wanshouxigong,38.416255950927734,21.4895076751709,0.8268978060447673,0.48507896065711975
4,Tiantan,34.24742126464844,19.914031982421875,0.8357516205523461,0.4827860891819
4,Dongsi,38.464210510253906,21.7997989654541,0.8217685032272262,0.49712228775024414
5,Dingling,31.127281188964844,16.40464973449707,0.7987286317242475,0.4917311668395996
5,Changping,31.996379852294922,17.69388771057129,0.8060485164033756,0.47115379571914673
5,Huairou,28.764474868774414,16.236305236816406,0.8253734269845714,0.4809209704399109
5,Shunyi,37.422454833984375,21.19919776916504,0.7922219011039215,0.4786801338195801
5,Wanliu,35.70778274536133,20.61287498474121,0.8086180087545658,0.5028135180473328
5,Guanyuan,37.977027893066406,22.13335418701172,0.8013862745552323,0.4809669852256775
5,Aotizhongxin,37.00762176513672,21.30575180053711,0.8042654207701757,0.49363264441490173
5,Nongzhanguan,40.07680892944336,22.673601150512695,0.7950719626899715,0.5160197019577026
5,Gucheng,40.79497146606445,21.91348648071289,0.7929070501888107,0.48247087001800537
5,Wanshouxigong,41.63380813598633,23.284151077270508,0.7966860945811033,0.49881812930107117
5,Tiantan,37.23191833496094,21.54915428161621,0.8058726128676393,0.49797341227531433
5,Dongsi,41.75788497924805,23.703447341918945,0.7899534777437291,0.5131085515022278
6,Dingling,32.64363098144531,17.339624404907227,0.7786412994507839,0.5034241676330566
6,Changping,33.372737884521484,18.292211532592773,0.7890064818172504,0.47582149505615234
6,Huairou,30.17447280883789,17.2021484375,0.807828043007667,0.4836696684360504
6,Shunyi,39.91707992553711,22.467870712280273,0.763602460710568,0.4875042736530304
6,Wanliu,37.51187515258789,21.920124053955078,0.788803652844107,0.5211755037307739
6,Guanyuan,39.778690338134766,23.324798583984375,0.7821051820763608,0.4974435269832611
6,Aotizhongxin,39.263675689697266,22.541175842285156,0.779683297902051,0.5113515257835388
6,Nongzhanguan,42.54966735839844,24.122838973999023,0.7690167277598372,0.5203651785850525
6,Gucheng,43.163639068603516,23.499181747436523,0.7681728699696374,0.5044422745704651
6,Wanshouxigong,44.2383918762207,24.853397369384766,0.770471537796582,0.5170745253562927
6,Tiantan,39.350650787353516,22.791078567504883,0.7831568978098504,0.510937511920929
6,Dongsi,44.101600646972656,25.180021286010742,0.7657316501330941,0.5282644629478455
7,Dingling,34.0919303894043,18.25676155090332,0.7585620598930067,0.523078441619873
7,Changping,34.86259460449219,19.054466247558594,0.7697430187196664,0.4870975911617279
7,Huairou,31.781103134155273,18.254568099975586,0.7868045889183557,0.5025060176849365
7,Shunyi,41.654808044433594,23.515819549560547,0.7425807010017792,0.5108451247215271
7,Wanliu,39.71000289916992,23.403770446777344,0.7633374895479134,0.5424352884292603
7,Guanyuan,41.34290313720703,24.523500442504883,0.7646484014882777,0.5133934020996094
7,Aotizhongxin,41.21735382080078,23.901775360107422,0.7572298663649515,0.5314421653747559
7,Nongzhanguan,44.41679763793945,25.42245101928711,0.7483223662886347,0.5403825044631958
7,Gucheng,45.039066314697266,24.830488204956055,0.7476005262686463,0.5206302404403687
7,Wanshouxigong,46.446319580078125,26.143918991088867,0.7470088688197976,0.5310862064361572
7,Tiantan,41.00631332397461,23.826725006103516,0.7645328692134123,0.5255420804023743
7,Dongsi,46.13356399536133,26.46599006652832,0.7436721894469869,0.541521430015564
8,Dingling,35.295894622802734,19.14534568786621,0.7411993768914902,0.5415242314338684
8,Changping,35.77287673950195,19.741500854492188,0.7575542010414787,0.4986456036567688
8,Huairou,33.19069290161133,19.154375076293945,0.7674661883566455,0.5288412570953369
8,Shunyi,43.444461822509766,24.41641616821289,0.7199930980266978,0.5326134562492371
8,Wanliu,40.4385986328125,23.962276458740234,0.754584537014406,0.551218569278717
8,Guanyuan,42.16095733642578,25.16399383544922,0.7552574433353783,0.5243310928344727
8,Aotizhongxin,42.00826644897461,24.4483642578125,0.747843078734556,0.5421620011329651
8,Nongzhanguan,45.74447250366211,26.267810821533203,0.7330681638675178,0.5767641067504883
8,Gucheng,46.204566955566406,25.728071212768555,0.7343719939775241,0.5568868517875671
8,Wanshouxigong,47.93716049194336,27.034822463989258,0.7305306339235567,0.5611971616744995
8,Tiantan,42.128021240234375,24.575056076049805,0.7514870937450595,0.5493156313896179
8,Dongsi,47.78308868408203,27.537370681762695,0.7250351309698959,0.5822171568870544
9,Dingling,36.9448127746582,19.991422653198242,0.7164351315216634,0.5563911199569702
9,Changping,37.07240295410156,20.450868606567383,0.7396095041629203,0.5128014087677002
9,Huairou,34.38268280029297,19.861677169799805,0.750458127804204,0.5332314968109131
9,Shunyi,45.1175422668457,25.365285873413086,0.698016784476295,0.5383688807487488
9,Wanliu,41.84244918823242,24.866117477416992,0.7372613458717099,0.5662605166435242
9,Guanyuan,43.087642669677734,25.74646759033203,0.7443954005058026,0.5324422121047974
9,Aotizhongxin,43.2883186340332,25.3150634765625,0.7322570997070497,0.5547949075698853
9,Nongzhanguan,46.88959884643555,27.146921157836914,0.7195567522336255,0.5784379839897156
9,Gucheng,46.90577697753906,26.42119598388672,0.7262513355406393,0.5589088797569275
9,Wanshouxigong,49.60013198852539,27.86476707458496,0.7115370937792588,0.5650684237480164
9,Tiantan,43.512908935546875,25.38593292236328,0.7348958478975559,0.5545082092285156
9,Dongsi,49.55344009399414,28.38912582397461,0.7042956245756762,0.5865309834480286
10,Dingling,38.22751235961914,20.79123306274414,0.6963758431952575,0.5824272036552429
10,Changping,38.505428314208984,21.126243591308594,0.7190817351785809,0.5276890993118286
10,Huairou,35.63182830810547,20.80510139465332,0.7319844107681064,0.5633931756019592
10,Shunyi,46.32384490966797,26.16100311279297,0.681658337763992,0.5529636740684509
10,Wanliu,42.85330581665039,25.664180755615234,0.7244297414209504,0.5782367587089539
10,Guanyuan,44.436546325683594,26.540754318237305,0.728150959343004,0.5478082299232483
10,Aotizhongxin,44.33720397949219,26.03842544555664,0.7191353472350086,0.5639188885688782
10,Nongzhanguan,47.94113540649414,27.990493774414062,0.7068574099684375,0.6007927060127258
10,Gucheng,47.84892272949219,27.204832077026367,0.7151335711412288,0.5785666704177856
10,Wanshouxigong,51.63652038574219,29.007205963134766,0.6873817805116313,0.578368067741394
10,Tiantan,45.42974853515625,26.481374740600586,0.7110406258625379,0.5672314763069153
10,Dongsi,51.06424331665039,29.306325912475586,0.6860190496822676,0.6075907945632935
11,Dingling,39.44811248779297,21.714990615844727,0.676674856271718,0.5962896347045898
11,Changping,39.02349090576172,21.944679260253906,0.7114624007726863,0.5493540167808533
11,Huairou,36.8248405456543,21.87743377685547,0.7137267232275779,0.590191662311554
11,Shunyi,47.317989349365234,27.32379722595215,0.6678504776671019,0.5800318121910095
11,Wanliu,44.309940338134766,26.848535537719727,0.7053834893748858,0.617165744304657
11,Guanyuan,45.77347183227539,27.589860916137695,0.7115636720200008,0.5825369954109192
11,Aotizhongxin,45.856441497802734,27.222501754760742,0.6995541346332306,0.5945349335670471
11,Nongzhanguan,49.13547134399414,29.278879165649414,0.6920902956968922,0.6373805999755859
11,Gucheng,49.17226791381836,28.236452102661133,0.6991715953919078,0.6053202748298645
11,Wanshouxigong,52.486427307128906,29.875444412231445,0.6770261938450536,0.6086599230766296
11,Tiantan,46.581626892089844,27.374544143676758,0.6962168845103747,0.590863049030304
11,Dongsi,51.26901626586914,30.00636100769043,0.6835155878042579,0.6266037821769714
12,Dingling,41.21273422241211,22.763017654418945,0.6471026158377018,0.6240708231925964
12,Changping,41.176090240478516,23.038299560546875,0.6787624649131662,0.575903594493866
12,Huairou,38.09785842895508,23.005834579467773,0.6935804072461054,0.6302816271781921
12,Shunyi,48.68841552734375,28.560138702392578,0.648322779340389,0.6227675080299377
12,Wanliu,46.013912200927734,27.90354347229004,0.6823038988564838,0.6452337503433228
12,Guanyuan,48.13037109375,28.848342895507812,0.681112486502105,0.6161578893661499
12,Aotizhongxin,47.40005874633789,28.221092224121094,0.6790075503339243,0.6288818120956421
12,Nongzhanguan,50.871829986572266,30.292463302612305,0.6699655416107417,0.6831003427505493
12,Gucheng,51.231842041015625,29.68027114868164,0.6734506822650945,0.6410853266716003
12,Wanshouxigong,55.20314407348633,31.411102294921875,0.6427357807028137,0.6581218838691711
12,Tiantan,49.31124496459961,28.891639709472656,0.6595903999666738,0.637413740158081
12,Dongsi,53.97673416137695,31.566940307617188,0.6492227199273548,0.6852487921714783
13,Dingling,41.675880432128906,23.284971237182617,0.6391276549451177,0.652998685836792
13,Changping,42.40742111206055,23.966930389404297,0.6592747474445217,0.6083670258522034
13,Huairou,39.33073806762695,23.945178985595703,0.6734212507298496,0.6551232933998108
13,Shunyi,50.5958137512207,29.850200653076172,0.6202319396838312,0.6492599844932556
13,Wanliu,47.59079360961914,28.897302627563477,0.6601644240842439,0.6807877421379089
13,Guanyuan,49.7228889465332,29.893795013427734,0.6596682622223223,0.6536871194839478
13,Aotizhongxin,49.230655670166016,29.19080352783203,0.6537458611251068,0.6587727069854736
13,Nongzhanguan,53.219600677490234,31.62863540649414,0.6388252348990937,0.7063823342323303
13,Gucheng,52.91770935058594,30.610328674316406,0.6516096310312662,0.6658501029014587
13,Wanshouxigong,57.003150939941406,32.60188674926758,0.6190714791203455,0.6805673837661743
13,Tiantan,51.18882751464844,29.957881927490234,0.633187638071308,0.6647645831108093
13,Dongsi,56.251285552978516,32.735435485839844,0.6190667381303072,0.7013729810714722
14,Dingling,42.940860748291016,24.394197463989258,0.6168868883662473,0.6642932295799255
14,Changping,43.96763229370117,24.990671157836914,0.633755799362913,0.6237971186637878
14,Huairou,41.6135368347168,25.226411819458008,0.6344172939018466,0.6781618595123291
14,Shunyi,52.045433044433594,30.896860122680664,0.5981642555958604,0.6812795400619507
14,Wanliu,49.59187316894531,29.849105834960938,0.6310012348267507,0.7040287852287292
14,Guanyuan,51.940673828125,31.141260147094727,0.628656767886717,0.6788774132728577
14,Aotizhongxin,51.19856262207031,30.23064613342285,0.6255278381863572,0.6825621128082275
14,Nongzhanguan,55.6818733215332,33.07258605957031,0.6046575788266266,0.7534732818603516
14,Gucheng,55.018009185791016,32.001949310302734,0.6234134440756167,0.676322877407074
14,Wanshouxigong,59.268428802490234,34.00580596923828,0.5882334376055238,0.7067351341247559
14,Tiantan,53.09007263183594,31.100135803222656,0.605459258124172,0.6896398663520813
14,Dongsi,58.31747055053711,34.100250244140625,0.5906011290030704,0.7312724590301514
15,Dingling,43.82185745239258,25.089834213256836,0.6010126034913975,0.7185555696487427
15,Changping,45.20633316040039,25.86429786682129,0.6128433019430943,0.6698435544967651
15,Huairou,42.82965087890625,26.204837799072266,0.6127473998649149,0.7305342555046082
15,Shunyi,53.86518478393555,32.02214050292969,0.5695848257617264,0.7322385311126709
15,Wanliu,51.83191680908203,31.029895782470703,0.5969265830322781,0.7393816113471985
15,Guanyuan,54.279518127441406,32.714202880859375,0.5944906299501348,0.7392777800559998
15,Aotizhongxin,53.69757843017578,31.736953735351562,0.5881022319902416,0.7412621378898621
15,Nongzhanguan,57.9847526550293,34.317867279052734,0.5713096844830523,0.8049420118331909
15,Gucheng,57.76369094848633,33.40195083618164,0.5849162291551727,0.7446673512458801
15,Wanshouxigong,61.59264373779297,35.383968353271484,0.5553573116131632,0.7773169875144958
15,Tiantan,55.577362060546875,32.55839157104492,0.5676518802396975,0.7550444006919861
15,Dongsi,61.44815444946289,35.74622344970703,0.5455065623291777,0.8120392560958862
16,Dingling,45.76499938964844,26.211252212524414,0.5648481467236324,0.7543818950653076
16,Changping,47.21572494506836,26.943754196166992,0.5776699165951896,0.6837318539619446
16,Huairou,44.430419921875,27.24860954284668,0.5832659046195172,0.7652164101600647
16,Shunyi,55.68363952636719,33.43723678588867,0.5400471546958394,0.7660174369812012
16,Wanliu,54.70011520385742,32.53638458251953,0.5511062959650987,0.7736603617668152
16,Guanyuan,56.31439971923828,34.11354446411133,0.5635481504495554,0.752719521522522
16,Aotizhongxin,56.07981491088867,33.15699768066406,0.5507701198563653,0.7605943083763123
16,Nongzhanguan,60.524681091308594,35.99712371826172,0.5329681200999183,0.8242895007133484
16,Gucheng,61.16001510620117,35.09791564941406,0.5346887067268972,0.770447850227356
16,Wanshouxigong,64.48430633544922,36.917423248291016,0.5126740623427122,0.7967647910118103
16,Tiantan,57.8903923034668,33.988525390625,0.5309364583988271,0.7617095708847046
16,Dongsi,63.926902770996094,37.20287322998047,0.5081460722523468,0.8218371868133545
17,Dingling,47.089271545410156,27.216556549072266,0.5393080547793285,0.7716323137283325
17,Changping,48.63108825683594,28.078615188598633,0.5519717738810019,0.7098312377929688
17,Huairou,46.01333999633789,28.32988739013672,0.5530528686164757,0.7850432991981506
17,Shunyi,57.2286376953125,34.46125793457031,0.5141854127627037,0.7848113775253296
17,Wanliu,55.75550079345703,33.40461730957031,0.5336603558489129,0.7964848279953003
17,Guanyuan,57.424285888671875,35.12255096435547,0.5462123850207716,0.7642925381660461
17,Aotizhongxin,57.19114303588867,34.18061065673828,0.5328128787976625,0.7718036770820618
17,Nongzhanguan,61.60226821899414,36.919734954833984,0.5162410040388132,0.8311168551445007
17,Gucheng,62.10855484008789,36.179691314697266,0.5201708197344207,0.7840137481689453
17,Wanshouxigong,65.99215698242188,38.023643493652344,0.48966460754578534,0.7927005290985107
17,Tiantan,59.398353576660156,35.13043975830078,0.5062182159561847,0.7768922448158264
17,Dongsi,65.63340759277344,38.318904876708984,0.4815818160544443,0.8188214898109436
18,Dingling,48.693580627441406,28.351903915405273,0.5073916185245986,0.8030024766921997
18,Changping,50.454200744628906,29.19099235534668,0.5177488335567081,0.7392962574958801
18,Huairou,47.32877731323242,29.060331344604492,0.5271507978829905,0.8180089592933655
18,Shunyi,59.07389831542969,35.72062301635742,0.48239194987813716,0.8093897700309753
18,Wanliu,58.23956298828125,34.726383209228516,0.49122291694814024,0.8371444344520569
18,Guanyuan,59.24583053588867,36.29216384887695,0.5169887780916826,0.7881456017494202
18,Aotizhongxin,59.19798278808594,35.61616516113281,0.499469959407963,0.8003886938095093
18,Nongzhanguan,63.474124908447266,38.15131378173828,0.4864232452545897,0.8622984290122986
18,Gucheng,64.71517181396484,37.556270599365234,0.4790732422641,0.8340573310852051
18,Wanshouxigong,68.27437591552734,39.423301696777344,0.4537862233467166,0.8297103047370911
18,Tiantan,61.372093200683594,36.4378547668457,0.472875506701238,0.8013502359390259
18,Dongsi,67.33208465576172,39.57143783569336,0.4544286680049634,0.8448688983917236
19,Dingling,50.23897171020508,29.526533126831055,0.4756630755941723,0.8585470914840698
19,Changping,52.91787338256836,30.525192260742188,0.469518653795558,0.8016175031661987
19,Huairou,48.92523193359375,30.300031661987305,0.49473747435006066,0.8842726945877075
19,Shunyi,59.986663818359375,36.743011474609375,0.46630710044899026,0.8570647239685059
19,Wanliu,59.792850494384766,35.77501678466797,0.4637617215626284,0.8861942291259766
19,Guanyuan,60.544960021972656,37.329830169677734,0.4955901325302836,0.854073166847229
19,Aotizhongxin,59.810447692871094,36.34369659423828,0.4890768382154925,0.858018696308136
19,Nongzhanguan,64.78809356689453,39.32291793823242,0.464958950984517,0.9105497598648071
19,Gucheng,67.2481918334961,39.127685546875,0.4375131408817833,0.8890018463134766
19,Wanshouxigong,69.64104461669922,40.57046127319336,0.43173016486694415,0.8853684663772583
19,Tiantan,62.869834899902344,37.388790130615234,0.4468543629872731,0.862324059009552
19,Dongsi,68.63200378417969,40.723655700683594,0.433181800121457,0.9131228923797607
20,Dingling,51.78749084472656,30.67823600769043,0.4428667361057782,0.8729753494262695
20,Changping,54.880252838134766,31.953292846679688,0.4294436006924909,0.8278340101242065
20,Huairou,49.44343948364258,31.27568817138672,0.4840061836660917,0.8952094316482544
20,Shunyi,61.39226531982422,38.197975158691406,0.4409996060212714,0.8867848515510559
20,Wanliu,61.81434631347656,37.403995513916016,0.4269402626667157,0.925876259803772
20,Guanyuan,62.517913818359375,38.905696868896484,0.4622043046735669,0.8781046271324158
20,Aotizhongxin,61.63180160522461,37.988529205322266,0.45750215230805724,0.8816453814506531
20,Nongzhanguan,66.92095947265625,41.118446350097656,0.4291684798362173,0.9439422488212585
20,Gucheng,69.34119415283203,40.515968322753906,0.40197153718719336,0.9298201203346252
20,Wanshouxigong,71.73552703857422,42.13540267944336,0.3970403205285731,0.9117394685745239
20,Tiantan,65.09764099121094,38.924522399902344,0.4069678179248012,0.898567795753479
20,Dongsi,70.16112518310547,42.01445770263672,0.4076682264394571,0.9297996759414673
21,Dingling,53.00376510620117,31.518625259399414,0.41641133155359533,0.8870172500610352
21,Changping,56.37067794799805,32.93527603149414,0.39806031202724046,0.8405185341835022
21,Huairou,50.31875228881836,31.869443893432617,0.46557756547117324,0.9069013595581055
21,Shunyi,62.67533874511719,39.20132064819336,0.41738490711379284,0.9063958525657654
21,Wanliu,62.881874084472656,38.63212585449219,0.407018817412384,0.9326339364051819
21,Guanyuan,63.500308990478516,39.91357421875,0.4451974603134611,0.8729808926582336
21,Aotizhongxin,62.711151123046875,38.973812103271484,0.4383700572689252,0.8858485221862793
21,Nongzhanguan,68.3558120727539,42.20193099975586,0.4044468552808185,0.9621303677558899
21,Gucheng,70.73595428466797,41.80246353149414,0.37768626110147596,0.9499832391738892
21,Wanshouxigong,73.062744140625,43.39942169189453,0.3745750104003489,0.9133814573287964
21,Tiantan,65.76959991455078,39.864315032958984,0.39469109899932997,0.8924276828765869
21,Dongsi,71.49610137939453,43.294517517089844,0.38494123236454525,0.9516000747680664
22,Dingling,54.4932861328125,32.595157623291016,0.38319249461342864,0.914577841758728
22,Changping,57.9925651550293,33.90902328491211,0.3629774106744714,0.8681939840316772
22,Huairou,51.60879135131836,32.82601547241211,0.4378452353870571,0.9458821415901184
22,Shunyi,63.38466262817383,40.009517669677734,0.40414627205632925,0.9231059551239014
22,Wanliu,65.07211303710938,40.010154724121094,0.3650403282344322,0.9665118455886841
22,Guanyuan,65.47259521484375,41.270729064941406,0.41023381255598734,0.9062116742134094
22,Aotizhongxin,64.1025619506836,40.09062957763672,0.413203621298344,0.915292501449585
22,Nongzhanguan,69.68563079833984,43.1988639831543,0.3810736890319061,0.9916461110115051
22,Gucheng,72.77142333984375,43.296207427978516,0.34137314255440354,0.9876223802566528
22,Wanshouxigong,74.78634643554688,44.514610290527344,0.34474271273334556,0.9478604793548584
22,Tiantan,67.04081726074219,40.76382827758789,0.37109398459093623,0.9286500811576843
22,Dongsi,73.2164306640625,44.62841033935547,0.35501948217191237,0.9804139137268066
23,Dingling,55.886104583740234,33.82480239868164,0.35130113181067124,0.9664322137832642
23,Changping,60.0621223449707,35.23195266723633,0.316741943147687,0.9302455186843872
23,Huairou,53.28062438964844,34.0638313293457,0.4008719087065269,0.9929011464118958
23,Shunyi,64.76166534423828,41.145816802978516,0.3780050827926946,0.9722952842712402
23,Wanliu,66.32501983642578,41.14509201049805,0.3404069874446579,1.003202199935913
23,Guanyuan,67.70652770996094,42.81077575683594,0.36934703986471906,0.9524645209312439
23,Aotizhongxin,65.58901977539062,41.39249038696289,0.3857102292227085,0.9623849987983704
23,Nongzhanguan,71.4691390991211,44.61020278930664,0.34903339699124125,1.031785249710083
23,Gucheng,75.11085510253906,44.715370178222656,0.29839748461832316,1.0310394763946533
23,Wanshouxigong,76.65984344482422,46.02690124511719,0.3115299482715056,0.9977975487709045
23,Tiantan,68.91456604003906,42.108421325683594,0.33548913019109516,0.9748573303222656
23,Dongsi,75.2262954711914,46.312171936035156,0.3191543605234771,1.017627477645874
24,Dingling,56.97767639160156,34.60574722290039,0.32575716789489517,0.966689944267273
24,Changping,61.00640106201172,35.90243911743164,0.29512192716461205,0.9314315915107727
24,Huairou,54.02040100097656,34.39381790161133,0.3841590750190822,1.003450870513916
24,Shunyi,65.34550476074219,41.55253601074219,0.36677705664809346,0.9817351698875427
24,Wanliu,67.21621704101562,41.8412971496582,0.3226209443210414,1.019346833229065
24,Guanyuan,69.29586791992188,43.785667419433594,0.33943318630804686,0.974294126033783
24,Aotizhongxin,66.472412109375,42.10750198364258,0.36908981761348336,0.9758373498916626
24,Nongzhanguan,72.60607147216797,45.35011672973633,0.3281940378834618,1.065734624862671
24,Gucheng,75.72197723388672,45.3045654296875,0.2869820720930484,1.039781093597412
24,Wanshouxigong,77.7531509399414,46.65064239501953,0.29178999916271886,1.0141743421554565
24,Tiantan,70.19426727294922,42.87431335449219,0.31061832743632645,0.9987640976905823
24,Dongsi,76.43834686279297,47.17772674560547,0.297045918905129,1.0412242412567139
