factor,level,method,lead_hour,n,rmse,mae
season,autumn,AGCRN,1,78624,24.113396547304596,14.999514091283835
season,spring,AGCRN,1,16596,12.852012681040284,9.560258040013846
season,summer,AGCRN,1,79488,17.56122620896933,12.154639564893971
season,winter,AGCRN,1,76932,38.568015792700365,22.593670789976546
season,autumn,AGCRN,6,78624,35.39800654792173,22.582308059827398
season,spring,AGCRN,6,16416,18.275989471743998,13.357434290550199
season,summer,AGCRN,6,79488,27.330683742589724,18.794702852834707
season,winter,AGCRN,6,77112,59.68778777640511,34.19578637610624
season,autumn,AGCRN,12,78624,43.3990307153663,27.916782055185077
season,spring,AGCRN,12,16200,22.04137102041504,16.26672237979777
season,summer,AGCRN,12,79488,31.10237444990741,21.92500194499566
season,winter,AGCRN,12,77328,73.49258651317308,41.753027116641256
season,autumn,AGCRN,24,78624,54.3399622885062,37.37990513822996
season,spring,AGCRN,24,15768,37.49447019134017,28.612404023683172
season,summer,AGCRN,24,79488,37.36202658806586,27.659687607729097
season,winter,AGCRN,24,77760,103.15710808119643,66.41552928338142
season,autumn,BiLSTM-MA,1,78624,19.231110734512793,12.749970255487083
season,spring,BiLSTM-MA,1,16596,12.815370732391125,9.713463994372923
season,summer,BiLSTM-MA,1,79488,15.11183156707411,10.729755872145187
season,winter,BiLSTM-MA,1,76932,30.080936744763584,17.575082143620396
season,autumn,BiLSTM-MA,6,78624,38.52336070442456,25.140615142481593
season,spring,BiLSTM-MA,6,16416,20.63049417399081,15.458561637553206
season,summer,BiLSTM-MA,6,79488,29.273209582746812,20.603409129064442
season,winter,BiLSTM-MA,6,77112,63.27752457305046,36.87752368421658
season,autumn,BiLSTM-MA,12,78624,45.68084366098313,29.733334954934158
season,spring,BiLSTM-MA,12,16200,25.2029638243882,18.84773041596383
season,summer,BiLSTM-MA,12,79488,33.65105793049842,24.051550134088117
season,winter,BiLSTM-MA,12,77328,77.11744512839435,45.28954498464896
season,autumn,BiLSTM-MA,24,78624,54.77419731345262,37.686371648433216
season,spring,BiLSTM-MA,24,15768,34.49536621690128,26.478282801727545
season,summer,BiLSTM-MA,24,79488,37.635146739368174,27.456183145196146
season,winter,BiLSTM-MA,24,77760,103.7107932575457,67.64715541964819
season,autumn,GRU+RNN,1,78624,18.382437744118462,11.903884692583802
season,spring,GRU+RNN,1,16596,11.71178751193908,8.655282691182157
season,summer,GRU+RNN,1,79488,14.34660323057934,9.843628336790943
season,winter,GRU+RNN,1,76932,28.793145039722724,16.472168113161025
season,autumn,GRU+RNN,6,78624,38.331217650752585,25.117564262234744
season,spring,GRU+RNN,6,16416,20.011590499743274,14.998214570278952
season,summer,GRU+RNN,6,79488,28.443497110535993,19.910365148393463
season,winter,GRU+RNN,6,77112,62.83866634360147,37.43735508466456
season,autumn,GRU+RNN,12,78624,44.58744578841306,29.302345357184844
season,spring,GRU+RNN,12,16200,24.604844072536167,18.66981880703826
season,summer,GRU+RNN,12,79488,32.32926915852318,23.300050349571652
season,winter,GRU+RNN,12,77328,75.85978847155816,45.40416199532344
season,autumn,GRU+RNN,24,78624,53.75066133425397,37.53964635409115
season,spring,GRU+RNN,24,15768,34.06630966361518,26.52816832721808
season,summer,GRU+RNN,24,79488,37.359936055618824,27.492250342442446
season,winter,GRU+RNN,24,77760,100.29072265282316,66.69552674119518
season,autumn,Graph WaveNet,1,78624,18.481018626235493,12.294809364463177
season,spring,Graph WaveNet,1,16596,13.144087200165282,9.752743125349737
season,summer,Graph WaveNet,1,79488,15.436211666753271,11.023554046152402
season,winter,Graph WaveNet,1,76932,29.495275791932798,16.67668849350212
season,autumn,Graph WaveNet,6,78624,35.17625420132101,22.214187951689517
season,spring,Graph WaveNet,6,16416,19.063208584289125,13.975611423002466
season,summer,Graph WaveNet,6,79488,27.63616445625338,18.824385545250994
season,winter,Graph WaveNet,6,77112,58.348484658501,32.652788499097554
season,autumn,Graph WaveNet,12,78624,42.181934099641275,27.057406866424905
season,spring,Graph WaveNet,12,16200,23.74521910403838,17.53142555117607
season,summer,Graph WaveNet,12,79488,32.11895940552513,22.51885843179496
season,winter,Graph WaveNet,12,77328,71.3363421416432,40.366653933789685
season,autumn,Graph WaveNet,24,78624,56.19083021584949,38.064324291831575
season,spring,Graph WaveNet,24,15768,33.25840143627545,25.49192137158141
season,summer,Graph WaveNet,24,79488,37.49637719449522,27.787479902757106
season,winter,Graph WaveNet,24,77760,101.05646270574218,63.617926365800905
season,autumn,HERMES,1,78624,15.141499481617174,8.81740940674248
season,spring,HERMES,1,16596,10.251600966844773,7.119821664029415
season,summer,HERMES,1,79488,11.782709407693025,7.665484881156009
season,winter,HERMES,1,76932,25.01186367171835,12.973755979937126
season,autumn,HERMES,6,78624,33.311672361120486,20.494066968620867
season,spring,HERMES,6,16416,17.76293154825868,13.10012381218853
season,summer,HERMES,6,79488,26.382967519067954,17.884486353461256
season,winter,HERMES,6,77112,55.55490979082567,30.82206802562827
season,autumn,HERMES,12,78624,41.09035672311076,26.113095683750338
season,spring,HERMES,12,16200,23.309637970116803,17.360823622588757
season,summer,HERMES,12,79488,30.614220000236266,21.70990826147226
season,winter,HERMES,12,77328,67.84435446139659,38.54489511326988
season,autumn,HERMES,24,78624,53.050878961954126,36.73085774002937
season,spring,HERMES,24,15768,35.44271738485108,27.037505963107524
season,summer,HERMES,24,79488,35.961122654203955,26.686077258161205
season,winter,HERMES,24,77760,97.10101328351993,62.35586174437048
season,autumn,Persistence,1,78624,16.339054486889403,9.19143013859916
season,spring,Persistence,1,16596,11.025353771837205,7.460617086633943
season,summer,Persistence,1,79488,12.565131958463537,7.812683713212969
season,winter,Persistence,1,76932,27.81664275961145,13.648845734713026
season,autumn,Persistence,6,78624,46.775870345569246,29.776148528133557
season,spring,Persistence,6,16416,26.030520583830302,19.75148027281315
season,summer,Persistence,6,79488,33.28768012909061,22.341376731235194
season,winter,Persistence,6,77112,80.4083033664043,46.50318657810207
season,autumn,Persistence,12,78624,60.65419475610668,40.62166656841216
season,spring,Persistence,12,16200,33.10918458699706,25.5714691485299
season,summer,Persistence,12,79488,40.93019798416639,29.103782335557224
season,winter,Persistence,12,77328,107.01630766056239,66.476062602689
season,autumn,Persistence,24,78624,74.84438306573404,54.181685994378086
season,spring,Persistence,24,15768,35.790901613805616,27.50391301208798
season,summer,Persistence,24,79488,47.16579679144924,35.35338427358563
season,winter,Persistence,24,77760,128.344620294496,88.07975311771403
season,autumn,STGCN,1,78624,20.119682296617796,12.930126600623993
season,spring,STGCN,1,16596,12.603901602134156,9.451067185985178
season,summer,STGCN,1,79488,15.923992657220353,11.132841713420579
season,winter,STGCN,1,76932,31.825174377477545,18.933164123789552
season,autumn,STGCN,6,78624,38.58892703954481,25.27229690487926
season,spring,STGCN,6,16416,20.98071338253489,16.113390620805134
season,summer,STGCN,6,79488,28.900085405996712,20.039841175296804
season,winter,STGCN,6,77112,62.88835722909287,37.18155095330263
season,autumn,STGCN,12,78624,44.05525496244095,29.31062189800423
season,spring,STGCN,12,16200,24.666460255870554,18.757135268685257
season,summer,STGCN,12,79488,32.41635226760903,23.458526991834134
season,winter,STGCN,12,77328,75.93726552926665,44.73604043956847
season,autumn,STGCN,24,78624,56.46135658291551,39.565633736114144
season,spring,STGCN,24,15768,33.360283241619015,26.159546293125487
season,summer,STGCN,24,79488,36.8323741434989,27.376561140619074
season,winter,STGCN,24,77760,102.8585733513415,68.1966005529825
season,autumn,Spatial CNN,1,78624,25.013997651696247,15.814298443282444
season,spring,Spatial CNN,1,16596,14.318004978094121,10.719921117447807
season,summer,Spatial CNN,1,79488,19.77365255289913,13.928356553151927
season,winter,Spatial CNN,1,76932,38.094643905163466,22.11896297128916
season,autumn,Spatial CNN,6,78624,36.275061756694775,22.63062513471984
season,spring,Spatial CNN,6,16416,18.709077326215905,13.683311244244116
season,summer,Spatial CNN,6,79488,28.085202574789733,19.44363310329178
season,winter,Spatial CNN,6,77112,59.04600008396781,33.60679864823596
season,autumn,Spatial CNN,12,78624,42.11183025873496,27.175327989253443
season,spring,Spatial CNN,12,16200,23.514942883336914,17.38060479396655
season,summer,Spatial CNN,12,79488,31.762667660201174,22.098897144063443
season,winter,Spatial CNN,12,77328,72.63669962449345,41.88397459991811
season,autumn,Spatial CNN,24,78624,54.815080311684326,38.100250315759595
season,spring,Spatial CNN,24,15768,35.474203210802635,27.04446166392391
season,summer,Spatial CNN,24,79488,37.24426596171349,27.374761060891064
season,winter,Spatial CNN,24,77760,109.43605920399673,70.54147611613168
pm_bin,low,AGCRN,1,96435,16.19415387874208,9.075937552735663
pm_bin,moderate,AGCRN,1,61056,19.58010821843901,12.707405008984813
pm_bin,high,AGCRN,1,58551,26.17331902709514,18.503160970306435
pm_bin,severe,AGCRN,1,35598,52.62891025612142,36.738810416171845
pm_bin,low,AGCRN,6,96456,24.812774794801122,13.080537874767899
pm_bin,moderate,AGCRN,6,61035,28.43431067621031,19.427102862133328
pm_bin,high,AGCRN,6,58551,36.74484766327031,27.138429208171637
pm_bin,severe,AGCRN,6,35598,83.8544144927572,58.68964819943237
pm_bin,low,AGCRN,12,96513,31.940310341296392,16.556177354189476
pm_bin,moderate,AGCRN,12,60984,31.54211783045473,22.08028867103039
pm_bin,high,AGCRN,12,58545,42.44572163097321,31.74078391802709
pm_bin,severe,AGCRN,12,35598,104.11767075155583,73.80211659529027
pm_bin,low,AGCRN,24,96705,63.0079090682167,36.33694570437193
pm_bin,moderate,AGCRN,24,60804,38.256423318597555,27.03875373299283
pm_bin,high,AGCRN,24,58533,46.726450563290896,36.721929423118596
pm_bin,severe,AGCRN,24,35598,128.9641247929574,96.795590837321
pm_bin,low,BiLSTM-MA,1,96435,14.479933353321469,8.946995894440523
pm_bin,moderate,BiLSTM-MA,1,61056,16.365522492060695,10.847064499897527
pm_bin,high,BiLSTM-MA,1,58551,19.846936929989408,14.13036122730665
pm_bin,severe,BiLSTM-MA,1,35598,41.031982722672616,28.54662241277497
pm_bin,low,BiLSTM-MA,6,96456,29.282199719577612,16.081864897982047
pm_bin,moderate,BiLSTM-MA,6,61035,32.441280474103905,21.798675060451906
pm_bin,high,BiLSTM-MA,6,58551,40.09995963490855,28.936412648465197
pm_bin,severe,BiLSTM-MA,6,35598,85.37202882249491,60.00102461088279
pm_bin,low,BiLSTM-MA,12,96513,36.39167731841996,19.226279770600584
pm_bin,moderate,BiLSTM-MA,12,60984,35.49228166921964,24.516133835821442
pm_bin,high,BiLSTM-MA,12,58545,47.99222970017097,35.22697630124878
pm_bin,severe,BiLSTM-MA,12,35598,103.96432763600446,74.27398558813331
pm_bin,low,BiLSTM-MA,24,96705,61.80183534963504,36.14726707784326
pm_bin,moderate,BiLSTM-MA,24,60804,37.10200699577224,25.4307364539154
pm_bin,high,BiLSTM-MA,24,58533,47.798275715982854,37.810282744965086
pm_bin,severe,BiLSTM-MA,24,35598,131.63445621891302,100.23544853540932
pm_bin,low,GRU+RNN,1,96435,13.885473408763604,8.122388349823233
pm_bin,moderate,GRU+RNN,1,61056,15.767496961508307,9.82478215868743
pm_bin,high,GRU+RNN,1,58551,19.166692393326034,13.477061157505412
pm_bin,severe,GRU+RNN,1,35598,38.84072404385773,26.884135072194724
pm_bin,low,GRU+RNN,6,96456,30.071722884752074,16.281813986265135
pm_bin,moderate,GRU+RNN,6,61035,31.715483053571496,21.524410533115965
pm_bin,high,GRU+RNN,6,58551,39.347890297305,28.76266709894664
pm_bin,severe,GRU+RNN,6,35598,84.07427793136236,59.617240437256285
pm_bin,low,GRU+RNN,12,96513,38.36686614012451,21.101961645561694
pm_bin,moderate,GRU+RNN,12,60984,35.01106052208914,24.19206081311815
pm_bin,high,GRU+RNN,12,58545,44.26343239395593,32.59427883523831
pm_bin,severe,GRU+RNN,12,35598,100.9351237896253,71.61165772414527
pm_bin,low,GRU+RNN,24,96705,62.242981125340975,37.96064252074937
pm_bin,moderate,GRU+RNN,24,60804,35.83952012459471,25.39970203202286
pm_bin,high,GRU+RNN,24,58533,45.54345400942608,36.46397166919902
pm_bin,severe,GRU+RNN,24,35598,125.9120046469139,95.27581315539152
pm_bin,low,Graph WaveNet,1,96435,11.356380119568176,6.278040748524642
pm_bin,moderate,Graph WaveNet,1,61056,15.603717961191894,11.476637936456898
pm_bin,high,Graph WaveNet,1,58551,21.5001553322186,16.403532386956087
pm_bin,severe,Graph WaveNet,1,35598,41.470542150533674,28.685633725534363
pm_bin,low,Graph WaveNet,6,96456,23.312694501242913,11.210338026254274
pm_bin,moderate,Graph WaveNet,6,61035,28.118629028246087,19.562058474119695
pm_bin,high,Graph WaveNet,6,58551,37.534043163143,28.11219985919435
pm_bin,severe,Graph WaveNet,6,35598,82.67650034240395,58.11996511076466
pm_bin,low,Graph WaveNet,12,96513,30.541140731705315,15.224355037552066
pm_bin,moderate,Graph WaveNet,12,60984,33.430501798056824,23.499126942814858
pm_bin,high,Graph WaveNet,12,58545,42.96488484743012,32.159572972525645
pm_bin,severe,Graph WaveNet,12,35598,100.32439211783893,71.28549780653557
pm_bin,low,Graph WaveNet,24,96705,58.85495133436316,34.46342816719329
pm_bin,moderate,Graph WaveNet,24,60804,37.50044084024922,26.55454230125025
pm_bin,high,Graph WaveNet,24,58533,47.35398744140386,36.87318268683836
pm_bin,severe,Graph WaveNet,24,35598,131.9538348219711,96.76726200406596
pm_bin,low,HERMES,1,96435,11.981561711564888,5.615564712603133
pm_bin,moderate,HERMES,1,61056,14.007370025222231,8.390679586452258
pm_bin,high,HERMES,1,58551,16.700201210619667,10.97481187880146
pm_bin,severe,HERMES,1,35598,32.14361376071739,20.29347403246778
pm_bin,low,HERMES,6,96456,25.889280681269184,12.055351986677787
pm_bin,moderate,HERMES,6,61035,28.954024338656662,18.962243337530445
pm_bin,high,HERMES,6,58551,35.338599479788236,25.37770188157926
pm_bin,severe,HERMES,6,35598,74.35542309913245,51.089081928658885
pm_bin,low,HERMES,12,96513,31.144400188361434,16.140084755979842
pm_bin,moderate,HERMES,12,60984,32.5235895223737,22.561063502946112
pm_bin,high,HERMES,12,58545,40.69540421451119,29.94962597070867
pm_bin,severe,HERMES,12,35598,94.35142612486726,66.1173511365604
pm_bin,low,HERMES,24,96705,60.04420153457719,36.14553416031703
pm_bin,moderate,HERMES,24,60804,37.06533602837317,26.118715054470805
pm_bin,high,HERMES,24,58533,45.026228423908165,35.2649943905852
pm_bin,severe,HERMES,24,35598,121.57962088192478,88.10963884228582
pm_bin,low,Persistence,1,96435,13.102451901382985,5.482437463710831
pm_bin,moderate,Persistence,1,61056,16.331418618470597,9.07598881348499
pm_bin,high,Persistence,1,58551,18.870044223810897,11.896891587727406
pm_bin,severe,Persistence,1,35598,34.10077522582479,20.73469515938231
pm_bin,low,Persistence,6,96456,47.489508368028844,20.63920188402471
pm_bin,moderate,Persistence,6,61035,40.14314461924607,26.311473211535485
pm_bin,high,Persistence,6,58551,46.051648844102715,34.41065619390947
pm_bin,severe,Persistence,6,35598,96.24319796545923,67.86087206742945
pm_bin,low,Persistence,12,96513,68.17677747550663,33.754628516996966
pm_bin,moderate,Persistence,12,60984,49.02686339029603,33.40686824773532
pm_bin,high,Persistence,12,58545,58.00945188843144,44.68967048594685
pm_bin,severe,Persistence,12,35598,122.42994904397057,88.50374902606754
pm_bin,low,Persistence,24,96705,89.51824053849393,50.64573606523189
pm_bin,moderate,Persistence,24,60804,57.5480887936397,40.019817721709614
pm_bin,high,Persistence,24,58533,64.9574903895931,53.149325399431554
pm_bin,severe,Persistence,24,35598,139.7317227698839,109.8618918204617
pm_bin,low,STGCN,1,96435,13.695961667313465,7.812003680115361
pm_bin,moderate,STGCN,1,61056,16.29712071492044,11.132370966379249
pm_bin,high,STGCN,1,58551,21.976340469172882,16.267082641620327
pm_bin,severe,STGCN,1,35598,44.33029768001942,31.728162171726943
pm_bin,low,STGCN,6,96456,27.89698943359692,15.425917652814634
pm_bin,moderate,STGCN,6,61035,31.487180541830448,21.240373091698864
pm_bin,high,STGCN,6,58551,39.18898624013876,29.323953197072896
pm_bin,severe,STGCN,6,35598,87.11738372911591,62.09118142367226
pm_bin,low,STGCN,12,96513,33.29113537312825,18.909210109635843
pm_bin,moderate,STGCN,12,60984,34.03780338583136,24.28598768561277
pm_bin,high,STGCN,12,58545,43.62092953331773,33.16873699477861
pm_bin,severe,STGCN,12,35598,106.38290056039583,75.41150852321032
pm_bin,low,STGCN,24,96705,61.69396573564581,38.93566956026626
pm_bin,moderate,STGCN,24,60804,36.281695467713476,25.018734221693386
pm_bin,high,STGCN,24,58533,45.62242830741125,36.38462368415083
pm_bin,severe,STGCN,24,35598,132.90307669140876,100.74031252367817
pm_bin,low,Spatial CNN,1,96435,16.826528308569422,9.124606309484939
pm_bin,moderate,Spatial CNN,1,61056,19.5478115339803,13.759061271976876
pm_bin,high,Spatial CNN,1,58551,27.50012733177006,20.612927828602082
pm_bin,severe,Spatial CNN,1,35598,53.10907704456846,36.60801968943424
pm_bin,low,Spatial CNN,6,96456,26.52471414249276,13.265509217075323
pm_bin,moderate,Spatial CNN,6,61035,30.4102756928882,20.26190710207593
pm_bin,high,Spatial CNN,6,58551,37.778581646190474,27.806774516893256
pm_bin,severe,Spatial CNN,6,35598,80.8818769902684,56.08799824987116
pm_bin,low,Spatial CNN,12,96513,34.18416091436476,17.166530792793427
pm_bin,moderate,Spatial CNN,12,60984,32.80607768741801,22.618248205680352
pm_bin,high,Spatial CNN,12,58545,42.81781639044897,31.862791419805028
pm_bin,severe,Spatial CNN,12,35598,99.27313196253102,70.56711475045047
pm_bin,low,Spatial CNN,24,96705,70.69853310236125,40.22458466578834
pm_bin,moderate,Spatial CNN,24,60804,41.14562628954819,27.193913925290854
pm_bin,high,Spatial CNN,24,58533,50.00783046407312,38.49436592995034
pm_bin,severe,Spatial CNN,24,35598,125.97632458150508,92.32803581508266
rapid_change,rapid_change,AGCRN,1,15969,60.910329890088754,43.41283737473216
rapid_change,stable_or_gradual,AGCRN,1,235671,23.31981139610079,14.210694184930857
rapid_change,rapid_change,AGCRN,6,15963,92.1462678059055,63.825949642657186
rapid_change,stable_or_gradual,AGCRN,6,235677,35.82980584370892,21.668606675510272
rapid_change,rapid_change,AGCRN,12,15951,110.17740428350642,75.09572042331345
rapid_change,stable_or_gradual,AGCRN,12,235689,44.028288838601384,26.441839771337538
rapid_change,rapid_change,AGCRN,24,15930,133.4203797803211,93.26852555873629
rapid_change,stable_or_gradual,AGCRN,24,235710,62.106821624273465,39.31710679106473
rapid_change,rapid_change,BiLSTM-MA,1,15969,63.450442914578986,49.80645891662919
rapid_change,stable_or_gradual,BiLSTM-MA,1,235671,15.315272539986378,10.918916717018465
rapid_change,rapid_change,BiLSTM-MA,6,15963,100.39498067265687,68.55963089740463
rapid_change,stable_or_gradual,BiLSTM-MA,6,235677,37.962719572832555,23.83528929839424
rapid_change,rapid_change,BiLSTM-MA,12,15951,116.07326386111829,79.92743236548803
rapid_change,stable_or_gradual,BiLSTM-MA,12,235689,46.48724926699689,28.775734286304363
rapid_change,rapid_change,BiLSTM-MA,24,15930,132.30698730330965,93.42007612694155
rapid_change,stable_or_gradual,BiLSTM-MA,24,235710,62.63631215473437,39.604008851041826
rapid_change,rapid_change,GRU+RNN,1,15969,62.52202543440212,49.223315540361256
rapid_change,stable_or_gradual,GRU+RNN,1,235671,14.05609302844482,9.942734329913657
rapid_change,rapid_change,GRU+RNN,6,15963,97.007734894542,67.76883423305249
rapid_change,stable_or_gradual,GRU+RNN,6,235677,38.01997233973333,23.798523370042812
rapid_change,rapid_change,GRU+RNN,12,15951,111.81099289409318,76.45733396585933
rapid_change,stable_or_gradual,GRU+RNN,12,235689,45.81802847369387,28.638736525289772
rapid_change,rapid_change,GRU+RNN,24,15930,128.87471982057897,90.46938035794945
rapid_change,stable_or_gradual,GRU+RNN,24,235710,60.891241629953846,39.45604445564849
rapid_change,rapid_change,Graph WaveNet,1,15969,59.10900494104842,44.15883177661054
rapid_change,stable_or_gradual,Graph WaveNet,1,235671,15.928824055139863,10.958338085474372
rapid_change,rapid_change,Graph WaveNet,6,15963,94.64785230190049,65.45697078308739
rapid_change,stable_or_gradual,Graph WaveNet,6,235677,34.68270102851803,20.98353641206627
rapid_change,rapid_change,Graph WaveNet,12,15951,110.61368024564202,75.19918399753634
rapid_change,stable_or_gradual,Graph WaveNet,12,235689,42.68257953173073,25.980508644309868
rapid_change,rapid_change,Graph WaveNet,24,15930,134.22565459059308,94.48549207350928
rapid_change,stable_or_gradual,Graph WaveNet,24,235710,61.25972115387138,38.37458452035168
rapid_change,rapid_change,HERMES,1,15969,58.772216593758635,46.64169393856902
rapid_change,stable_or_gradual,HERMES,1,235671,10.043766415916718,7.1031667210169935
rapid_change,rapid_change,HERMES,6,15963,90.95836136242652,62.33267817649299
rapid_change,stable_or_gradual,HERMES,6,235677,32.80838566794965,19.64431816836837
rapid_change,rapid_change,HERMES,12,15951,106.87644640310062,72.53593741661403
rapid_change,stable_or_gradual,HERMES,12,235689,40.666758612658526,24.96347931893111
rapid_change,rapid_change,HERMES,24,15930,127.16573012429042,88.61771219095492
rapid_change,stable_or_gradual,HERMES,24,235710,58.96175581340182,37.641970710260075
rapid_change,rapid_change,Persistence,1,15969,68.31110919208467,56.74300208388247
rapid_change,stable_or_gradual,Persistence,1,235671,9.341716052203848,6.837506554341828
rapid_change,rapid_change,Persistence,6,15963,123.20444035272975,91.10070493252199
rapid_change,stable_or_gradual,Persistence,6,235677,47.30947151949649,27.889631683276917
rapid_change,rapid_change,Persistence,12,15951,137.68485082298596,96.2935260532717
rapid_change,stable_or_gradual,Persistence,12,235689,65.89473298353496,40.417584603586896
rapid_change,rapid_change,Persistence,24,15930,149.3058111086375,105.71534749882369
rapid_change,stable_or_gradual,Persistence,24,235710,81.43710921865109,53.74769210433389
rapid_change,rapid_change,STGCN,1,15969,60.403217482072954,46.14539602895858
rapid_change,stable_or_gradual,STGCN,1,235671,17.752959246608672,11.787898639066258
rapid_change,rapid_change,STGCN,6,15963,97.20238538226076,68.2657679410116
rapid_change,stable_or_gradual,STGCN,6,235677,38.25196597400943,23.85413379791435
rapid_change,rapid_change,STGCN,12,15951,111.90134841148534,76.2760071586452
rapid_change,stable_or_gradual,STGCN,12,235689,45.69633914497884,28.49401230397557
rapid_change,rapid_change,STGCN,24,15930,132.34296990980462,93.6554916182181
rapid_change,stable_or_gradual,STGCN,24,235710,62.465001513173675,40.34803734370827
rapid_change,rapid_change,Spatial CNN,1,15969,64.94147086965495,46.70684363671957
rapid_change,stable_or_gradual,Spatial CNN,1,235671,23.30271025848914,14.784266586212075
rapid_change,rapid_change,Spatial CNN,6,15963,93.64262077649528,63.970964593964396
rapid_change,stable_or_gradual,Spatial CNN,6,235677,35.72395895254459,21.723757369796367
rapid_change,rapid_change,Spatial CNN,12,15951,108.66082843051792,74.21476200442876
rapid_change,stable_or_gradual,Spatial CNN,12,235689,43.60977048641047,26.432291031004674
rapid_change,rapid_change,Spatial CNN,24,15930,133.40102463169848,93.43252793747303
rapid_change,stable_or_gradual,Spatial CNN,24,235710,65.5930480805387,40.7064663030741
wind_regime,low_wind,AGCRN,1,84060,31.656512905568405,18.834061349906044
wind_regime,mid_wind,AGCRN,1,83808,26.69090124222292,15.775005637701856
wind_regime,high_wind,AGCRN,1,83772,22.777610945125954,13.573094109443712
wind_regime,low_wind,AGCRN,6,83880,48.77887055548075,27.95057675103432
wind_regime,mid_wind,AGCRN,6,83808,40.95231535642821,24.895866555544757
wind_regime,high_wind,AGCRN,6,83952,34.15947464784315,20.18628129700445
wind_regime,low_wind,AGCRN,12,83880,58.82440748430474,33.45383901858989
wind_regime,mid_wind,AGCRN,12,83844,50.18957406249341,29.830548177194085
wind_regime,high_wind,AGCRN,12,83916,42.14583847921539,25.29532046440565
wind_regime,low_wind,AGCRN,24,83880,72.45337736359903,44.14389701942688
wind_regime,mid_wind,AGCRN,24,83988,64.85455757973071,40.99814628379659
wind_regime,high_wind,AGCRN,24,83772,69.02897753846653,43.05806787231417
wind_regime,low_wind,BiLSTM-MA,1,84060,24.20813563828929,14.582855623754863
wind_regime,mid_wind,BiLSTM-MA,1,83808,21.583421984006982,13.2936579383776
wind_regime,high_wind,BiLSTM-MA,1,83772,19.318933544042856,12.279540130637047
wind_regime,low_wind,BiLSTM-MA,6,83880,51.408672113284005,30.07007564182758
wind_regime,mid_wind,BiLSTM-MA,6,83808,44.63563681819002,27.39019400494706
wind_regime,high_wind,BiLSTM-MA,6,83952,36.50688458827341,22.561124690178065
wind_regime,low_wind,BiLSTM-MA,12,83880,60.97015682356825,35.775926442254594
wind_regime,mid_wind,BiLSTM-MA,12,83844,53.27096353850363,32.31369658659264
wind_regime,high_wind,BiLSTM-MA,12,83916,45.60144975543211,27.966683651319173
wind_regime,low_wind,BiLSTM-MA,24,83880,75.09781573032045,45.806615204494456
wind_regime,mid_wind,BiLSTM-MA,24,83988,65.1806946839396,40.97901217521142
wind_regime,high_wind,BiLSTM-MA,24,83772,66.79351835180837,42.24846704216916
wind_regime,low_wind,GRU+RNN,1,84060,23.285734010686713,13.728385534033785
wind_regime,mid_wind,GRU+RNN,1,83808,20.37548289770981,12.292775926846227
wind_regime,high_wind,GRU+RNN,1,83772,18.48098546189584,11.280860135380577
wind_regime,low_wind,GRU+RNN,6,83880,51.13004207592514,30.024544071984906
wind_regime,mid_wind,GRU+RNN,6,83808,43.48183045311975,27.173191050465107
wind_regime,high_wind,GRU+RNN,6,83952,36.71330227195992,22.569670059418755
wind_regime,low_wind,GRU+RNN,12,83880,59.27946130257109,34.84511784427667
wind_regime,mid_wind,GRU+RNN,12,83844,52.033846008549595,32.016068527930955
wind_regime,high_wind,GRU+RNN,12,83916,45.3293318314752,28.150083089812114
wind_regime,low_wind,GRU+RNN,24,83880,71.93001461958873,44.35864234655939
wind_regime,mid_wind,GRU+RNN,24,83988,64.21046400792098,41.11739284394695
wind_regime,high_wind,GRU+RNN,24,83772,65.39564319276978,42.58213911015877
wind_regime,low_wind,Graph WaveNet,1,84060,24.4629449925457,14.892263113519222
wind_regime,mid_wind,Graph WaveNet,1,83808,20.526272653260843,12.63357904700206
wind_regime,high_wind,Graph WaveNet,1,83772,18.915951996202622,11.663756977139734
wind_regime,low_wind,Graph WaveNet,6,83880,48.52031516164502,27.770318176968644
wind_regime,mid_wind,Graph WaveNet,6,83808,40.001477701558166,24.045159320063597
wind_regime,high_wind,Graph WaveNet,6,83952,33.62484827896196,19.602576884612006
wind_regime,low_wind,Graph WaveNet,12,83880,57.65902489139965,33.60979626661661
wind_regime,mid_wind,Graph WaveNet,12,83844,48.85758932607111,29.37030541210518
wind_regime,high_wind,Graph WaveNet,12,83916,41.64558655201891,24.323236188534995
wind_regime,low_wind,Graph WaveNet,24,83880,73.29996673996006,43.72703052943925
wind_regime,mid_wind,Graph WaveNet,24,83988,66.20157872231012,40.84837714168761
wind_regime,high_wind,Graph WaveNet,24,83772,64.89528610783238,41.20506118795868
wind_regime,low_wind,HERMES,1,84060,19.850322161775967,10.77137179888489
wind_regime,mid_wind,HERMES,1,83808,17.707580518567966,9.677916594610648
wind_regime,high_wind,HERMES,1,83772,15.269557119270278,8.383508420933149
wind_regime,low_wind,HERMES,6,83880,44.993330395160726,25.469871420967163
wind_regime,mid_wind,HERMES,6,83808,39.046105770849216,23.167180024539757
wind_regime,high_wind,HERMES,6,83952,32.4072453445123,18.423893134297643
wind_regime,low_wind,HERMES,12,83880,54.3348655124307,31.501131415631466
wind_regime,mid_wind,HERMES,12,83844,47.686075516222616,28.499092540031604
wind_regime,high_wind,HERMES,12,83916,39.913478454360906,23.938764918041706
wind_regime,low_wind,HERMES,24,83880,69.62927876550455,41.62086938537611
wind_regime,mid_wind,HERMES,24,83988,64.09024660014981,40.392308418231956
wind_regime,high_wind,HERMES,24,83772,62.32393701207921,40.594009309094936
wind_regime,low_wind,Persistence,1,84060,21.342059075585734,11.213159915024175
wind_regime,mid_wind,Persistence,1,83808,19.06429120177765,9.938646800688042
wind_regime,high_wind,Persistence,1,83772,17.730883385927836,8.857549944096078
wind_regime,low_wind,Persistence,6,83880,59.22365316300899,35.22266331772948
wind_regime,mid_wind,Persistence,6,83808,53.1409629018633,30.8572227796465
wind_regime,high_wind,Persistence,6,83952,53.34730533019061,29.61961779647585
wind_regime,low_wind,Persistence,12,83880,76.97710479149201,47.82539972776337
wind_regime,mid_wind,Persistence,12,83844,69.55551106653911,41.839358105600795
wind_regime,high_wind,Persistence,12,83916,71.00754210570578,42.21345704680568
wind_regime,low_wind,Persistence,24,83880,90.51441078218784,60.178529730272906
wind_regime,mid_wind,Persistence,24,83988,81.77371780396892,54.55349475142785
wind_regime,high_wind,Persistence,24,83772,89.39791470008943,56.38280094316227
wind_regime,low_wind,STGCN,1,84060,25.42970811011604,15.55811880849073
wind_regime,mid_wind,STGCN,1,83808,22.623866669483093,13.600814618750604
wind_regime,high_wind,STGCN,1,83772,20.52299640826509,12.74040432058256
wind_regime,low_wind,STGCN,6,83880,51.813524371877385,30.556375645468446
wind_regime,mid_wind,STGCN,6,83808,43.93280516736234,27.122275081133516
wind_regime,high_wind,STGCN,6,83952,35.9871426000498,22.339726576995165
wind_regime,low_wind,STGCN,12,83880,60.75568650768689,35.88865263742609
wind_regime,mid_wind,STGCN,12,83844,51.94609409240459,31.590969986026053
wind_regime,high_wind,STGCN,12,83916,43.11967651253587,27.09078584970183
wind_regime,low_wind,STGCN,24,83880,74.53071984947657,45.670185229128236
wind_regime,mid_wind,STGCN,24,83988,65.7268046396419,42.14415322564446
wind_regime,high_wind,STGCN,24,83772,66.45429049864715,43.355173394797625
wind_regime,low_wind,Spatial CNN,1,84060,31.74716692225221,19.074335677207383
wind_regime,mid_wind,Spatial CNN,1,83808,27.146784516212865,16.473878798418177
wind_regime,high_wind,Spatial CNN,1,83772,24.144639550854187,14.874337312109985
wind_regime,low_wind,Spatial CNN,6,83880,48.15280477318954,27.660735052124796
wind_regime,mid_wind,Spatial CNN,6,83808,41.988562339626924,25.15566107544105
wind_regime,high_wind,Spatial CNN,6,83952,34.253511420708534,20.398922882982667
wind_regime,low_wind,Spatial CNN,12,83880,57.00468217107391,33.119300599190865
wind_regime,mid_wind,Spatial CNN,12,83844,49.35370539182019,29.471818975968123
wind_regime,high_wind,Spatial CNN,12,83916,43.63474730419167,25.793862732469403
wind_regime,low_wind,Spatial CNN,24,83880,72.87385582417726,44.56678713706487
wind_regime,mid_wind,Spatial CNN,24,83988,67.91854805134912,42.63174173185506
wind_regime,high_wind,Spatial CNN,24,83772,74.48224137562939,44.93726439275054
blh_regime,low_blh,AGCRN,1,83916,32.4967450696258,18.919655030441895
blh_regime,mid_blh,AGCRN,1,83880,25.25260606872065,15.152695554727933
blh_regime,high_blh,AGCRN,1,83844,23.243830539237774,14.117148926921384
blh_regime,low_blh,AGCRN,6,83772,48.32537706354057,28.544437614809457
blh_regime,mid_blh,AGCRN,6,83880,40.341366426151374,23.583466165575686
blh_regime,high_blh,AGCRN,6,83988,35.51783761672199,20.910607226909374
blh_regime,low_blh,AGCRN,12,83808,57.65077230649273,34.24622841676788
blh_regime,mid_blh,AGCRN,12,83916,48.9758810228334,28.345445226639093
blh_regime,high_blh,AGCRN,12,83916,45.09943692656473,25.992162609608624
blh_regime,low_blh,AGCRN,24,84024,74.5283730898615,47.03026446412373
blh_regime,mid_blh,AGCRN,24,83772,66.84251485325954,42.04500701369486
blh_regime,high_blh,AGCRN,24,83844,64.77270440573372,39.11237041395639
blh_regime,low_blh,BiLSTM-MA,1,83916,24.87859807196794,15.003276863869349
blh_regime,mid_blh,BiLSTM-MA,1,83880,21.341764468532546,13.158477564522011
blh_regime,high_blh,BiLSTM-MA,1,83844,18.733545582376625,11.997081301411477
blh_regime,low_blh,BiLSTM-MA,6,83772,51.9564477160973,31.206149140989485
blh_regime,mid_blh,BiLSTM-MA,6,83880,42.40030297656269,25.487606423695315
blh_regime,high_blh,BiLSTM-MA,6,83988,38.362752320640126,23.333629939210308
blh_regime,low_blh,BiLSTM-MA,12,83808,60.36028595742599,36.79676916241879
blh_regime,mid_blh,BiLSTM-MA,12,83916,51.652796778230105,30.602188692980643
blh_regime,high_blh,BiLSTM-MA,12,83916,48.20717475209127,28.661633246848407
blh_regime,low_blh,BiLSTM-MA,24,84024,77.58138591235537,48.798801997678794
blh_regime,mid_blh,BiLSTM-MA,24,83772,67.11001235844006,42.1098870588258
blh_regime,high_blh,BiLSTM-MA,24,83844,61.83677573238626,38.11057131382483
blh_regime,low_blh,GRU+RNN,1,83916,23.859612232406466,14.214270430272855
blh_regime,mid_blh,GRU+RNN,1,83880,20.23400426264534,11.99308825974585
blh_regime,high_blh,GRU+RNN,1,83844,17.902435308853732,11.097708929378985
blh_regime,low_blh,GRU+RNN,6,83772,50.58472796399833,31.027694040856492
blh_regime,mid_blh,GRU+RNN,6,83880,42.45290433804352,25.671278804844768
blh_regime,high_blh,GRU+RNN,6,83988,38.63496294293119,23.07472069584688
blh_regime,low_blh,GRU+RNN,12,83808,58.505904821911734,36.13357447546918
blh_regime,mid_blh,GRU+RNN,12,83916,50.620461714291146,30.441662833801335
blh_regime,high_blh,GRU+RNN,12,83916,47.86989332389792,28.44011772483256
blh_regime,low_blh,GRU+RNN,24,84024,75.02551401877308,47.98068540978237
blh_regime,mid_blh,GRU+RNN,24,83772,65.02315773909953,41.903780630246416
blh_regime,high_blh,GRU+RNN,24,83844,60.941273016097895,38.15978300074523
blh_regime,low_blh,Graph WaveNet,1,83916,24.284271948618674,14.683491965159089
blh_regime,mid_blh,Graph WaveNet,1,83880,20.783550380377527,12.632590941781366
blh_regime,high_blh,Graph WaveNet,1,83844,18.874760738684024,11.878407991479573
blh_regime,low_blh,Graph WaveNet,6,83772,47.88449339971535,28.337631644558805
blh_regime,mid_blh,Graph WaveNet,6,83880,39.35606950200976,22.727468831593445
blh_regime,high_blh,Graph WaveNet,6,83988,35.27169039131879,20.359412914641716
blh_regime,low_blh,Graph WaveNet,12,83808,56.96190261909848,34.297926833277764
blh_regime,mid_blh,Graph WaveNet,12,83916,47.67214659887604,27.873423404060084
blh_regime,high_blh,Graph WaveNet,12,83916,43.9248413949961,25.13651074163452
blh_regime,low_blh,Graph WaveNet,24,84024,77.39839716600639,47.29449472348031
blh_regime,mid_blh,Graph WaveNet,24,83772,65.49956114361564,41.00945093868905
blh_regime,high_blh,Graph WaveNet,24,83844,60.68994087807848,37.46375241330957
blh_regime,low_blh,HERMES,1,83916,20.732254195211656,11.38299568509219
blh_regime,mid_blh,HERMES,1,83880,17.04208425159952,9.212286873716767
blh_regime,high_blh,HERMES,1,83844,14.85531978084296,8.240178497402866
blh_regime,low_blh,HERMES,6,83772,45.647240161131585,26.914956344262308
blh_regime,mid_blh,HERMES,6,83880,37.07124448690753,21.006930656906647
blh_regime,high_blh,HERMES,6,83988,33.79475052044474,19.144990335822236
blh_regime,low_blh,HERMES,12,83808,53.8467473227345,32.570533155838795
blh_regime,mid_blh,HERMES,12,83916,45.225599466021514,26.42657287718229
blh_regime,high_blh,HERMES,12,83916,43.3014106159881,24.94583491403067
blh_regime,low_blh,HERMES,24,84024,73.09386562214029,45.23399202008622
blh_regime,mid_blh,HERMES,24,83772,63.3340409502037,40.299836384972885
blh_regime,high_blh,HERMES,24,83844,59.02483121287419,37.063239255994965
blh_regime,low_blh,Persistence,1,83916,22.10196174711799,11.845625893915908
blh_regime,mid_blh,Persistence,1,83880,18.74568165439425,9.62870062935847
blh_regime,high_blh,Persistence,1,83844,17.134603628676334,8.537737418794148
blh_regime,low_blh,Persistence,6,83772,62.166554052322454,37.65775986423706
blh_regime,mid_blh,Persistence,6,83880,52.396558294574795,30.15932156401813
blh_regime,high_blh,Persistence,6,83988,50.684765399037694,27.893931596428008
blh_regime,low_blh,Persistence,12,83808,82.0715474327534,51.394510348125834
blh_regime,mid_blh,Persistence,12,83916,70.04353494811504,41.8099481854745
blh_regime,high_blh,Persistence,12,83916,64.54188580658088,38.683485825379215
blh_regime,low_blh,Persistence,24,84024,89.12328507184561,60.76702103846177
blh_regime,mid_blh,Persistence,24,83772,90.84366941244716,58.82336053345713
blh_regime,high_blh,Persistence,24,83844,81.69717444572397,51.51561539554794
blh_regime,low_blh,STGCN,1,83916,25.990694903202474,15.61560919289196
blh_regime,mid_blh,STGCN,1,83880,22.0931515248924,13.465082470944056
blh_regime,high_blh,STGCN,1,83844,20.4052454377311,12.822755482328068
blh_regime,low_blh,STGCN,6,83772,52.13819500064774,31.476320289573078
blh_regime,mid_blh,STGCN,6,83880,41.795111390105454,25.241088259394928
blh_regime,high_blh,STGCN,6,83988,38.02207258973806,23.30738150970694
blh_regime,low_blh,STGCN,12,83808,61.16323183798962,37.46038000752318
blh_regime,mid_blh,STGCN,12,83916,49.584774214649556,29.681518068311156
blh_regime,high_blh,STGCN,12,83916,45.28003637410774,27.43422062787009
blh_regime,low_blh,STGCN,24,84024,78.99778190753815,50.140901467798265
blh_regime,mid_blh,STGCN,24,83772,67.00999121591853,43.1304553139348
blh_regime,high_blh,STGCN,24,83844,59.63636372983417,37.882308290091856
blh_regime,low_blh,Spatial CNN,1,83916,32.45440890179632,19.322543131295966
blh_regime,mid_blh,Spatial CNN,1,83880,26.532593334957035,16.010482150003575
blh_regime,high_blh,Spatial CNN,1,83844,23.897692145231584,15.09535213641797
blh_regime,low_blh,Spatial CNN,6,83772,48.18354950353797,28.584105696997145
blh_regime,mid_blh,Spatial CNN,6,83880,39.58777082836782,23.18427147950993
blh_regime,high_blh,Spatial CNN,6,83988,36.97177366884429,21.452041711968548
blh_regime,low_blh,Spatial CNN,12,83808,55.76135445220317,34.031641136849196
blh_regime,mid_blh,Spatial CNN,12,83916,48.08665829241465,27.86127468509467
blh_regime,high_blh,Spatial CNN,12,83916,46.563672446891275,26.49637021149294
blh_regime,low_blh,Spatial CNN,24,84024,77.51514613186856,48.53233689783948
blh_regime,mid_blh,Spatial CNN,24,83772,71.70507340528289,44.11656081789044
blh_regime,high_blh,Spatial CNN,24,83844,65.71051300102556,39.47435396690472
